{"A": 0.07334570474102453, "C": 0.01435625249067872, "B": 0.0, "E": 0.06967222074484418, "D": 0.05826498473613007, "G": 0.06725633301023273, "F": 0.04276724757016265, "I": 0.07192160587692474, "H": 0.017277725926595853, "K": 0.06959303081533136, "M": 0.027338592543611245, "L": 0.08916299873614958, "O": 0.0, "N": 0.05016474192285984, "Q": 0.03238132327870444, "P": 0.03410094752789217, "S": 0.061360868436396626, "R": 0.04559123444469045, "U": 0.0, "T": 0.055824295460092585, "W": 0.010680320759985621, "V": 0.06573678718864108, "Y": 0.04320278378905154, "X": 0.0, "Z": 0.0}