{"A": 0.09029376068579192, "C": 0.01227350974410547, "B": 5.382282827819037e-07, "E": 0.061693484377073116, "D": 0.054436240909391635, "G": 0.07230311838351061, "F": 0.039356106920404824, "I": 0.057222542007313935, "H": 0.02204138372163968, "K": 0.05041319525106518, "M": 0.023914085295684284, "L": 0.09856865206733978, "O": 9.584107292131924e-09, "N": 0.039157871522586006, "Q": 0.03810423471648476, "P": 0.048589777086190465, "S": 0.06731242721831887, "R": 0.056965207777598684, "U": 1.0621594814184489e-07, "T": 0.05580389251388739, "W": 0.012974868010031651, "V": 0.06862790607415725, "Y": 0.029453329167884616, "X": 0.0004935524885464635, "Z": 2.000326551664762e-07}